<?xml version='1.0' encoding='UTF-8'?>
<odoo>
  <record id="studio_customization.new_related_field_jo_ba107222-f10d-43fc-8cb7-8632adde8cb9" model="ir.model.fields" context="{'studio': True}">
    <field name="complete_name" eval="False"/>
    <field name="compute" eval="False"/>
    <field name="copied" eval="False"/>
    <field name="depends" eval="False"/>
    <field name="domain">[]</field>
    <field name="field_description">Tax ID</field>
    <field name="groups" eval="[(6, 0, [])]"/>
    <field name="help"><![CDATA[The Tax Identification Number. Complete it if the contact is subjected to government taxes. Used in some legal statements.]]></field>
    <field name="index" eval="False"/>
    <field name="model">account.move</field>
    <field name="model_id" ref="account.model_account_move"/>
    <field name="name">x_studio_tax_id</field>
    <field name="on_delete" eval="False"/>
    <field name="readonly" eval="True"/>
    <field name="related">company_id.vat</field>
    <field name="relation" eval="False"/>
    <field name="relation_field" eval="False"/>
    <field name="relation_table" eval="False"/>
    <field name="required" eval="False"/>
    <field name="selectable" eval="True"/>
    <field name="selection" eval="False"/>
    <field name="size" eval="False"/>
    <field name="state">manual</field>
    <field name="store" eval="False"/>
    <field name="tracking" eval="False"/>
    <field name="translate" eval="False"/>
    <field name="ttype">char</field>
  </record>
</odoo>
