<?xml version='1.0' encoding='UTF-8'?>
<odoo>
  <record id="studio_customization.odoo_studio_account__1d442c14-fcc7-4f68-98ec-fc231b656342" model="ir.ui.view" context="{'studio': True}">
    <field name="active" eval="True"/>
    <field name="arch" type="xml">
      <data>
        <xpath expr="//field[@name='invoice_date']" position="after">
          <field name="supply_date"/>
        </xpath>
        <xpath expr="//form[1]/sheet[1]/notebook[1]" position="inside">
          <page string="QR" name="studio_page_ZEv3c">
            <group name="studio_group_ZEv3c">
              <group name="studio_group_ZEv3c_left">
                <field name="qr_link"/>
                <field name="qr_unique_code"/>
              </group>
              <group name="studio_group_ZEv3c_right">
                <field name="qr_code" options="{&quot;size&quot;:[0,270]}" widget="image"/>
              </group>
            </group>
          </page>
          <page string="QR Sample" name="studio_page_x92bv">
            <group name="studio_group_x92bv">
              <group name="studio_group_x92bv_left">
                <field name="qr_link_sample"/>
              </group>
              <group name="studio_group_x92bv_right">
                <field name="qr_code_sample" options="{&quot;size&quot;:[0,270]}" widget="image"/>
              </group>
            </group>
          </page>
        </xpath>
      </data>
    </field>
    <field name="field_parent" eval="False"/>
    <field name="groups_id" eval="[(6, 0, [])]"/>
    <field name="inherit_id" ref="account.view_move_form"/>
    <field name="key" eval="False"/>
    <field name="mode">extension</field>
    <field name="model">account.move</field>
    <field name="name">Odoo Studio: account.move.form customization</field>
    <field name="priority">99</field>
    <field name="type">form</field>
  </record>
  <record id="studio_customization.odoo_studio_account__3b24cf78-afa0-44a2-a7f5-eee50ff7c13e" model="ir.ui.view" context="{'studio': True}">
    <field name="active" eval="True"/>
    <field name="arch" type="xml">
      <data>
        <xpath expr="//field[@name='date']" position="before">
          <field name="id"/>
        </xpath>
      </data>
    </field>
    <field name="field_parent" eval="False"/>
    <field name="groups_id" eval="[(6, 0, [])]"/>
    <field name="inherit_id" ref="account.view_move_line_tree"/>
    <field name="key" eval="False"/>
    <field name="mode">extension</field>
    <field name="model">account.move.line</field>
    <field name="name">Odoo Studio: account.move.line.tree customization</field>
    <field name="priority">99</field>
    <field name="type">tree</field>
  </record>
  <record id="studio_customization.odoo_studio_account__cebe1281-8d9c-4f60-9ec0-a277564c4e12" model="ir.ui.view" context="{'studio': True}">
    <field name="active" eval="True"/>
    <field name="arch" type="xml">
      <data>
        <xpath expr="//field[@name='amount_untaxed_signed']" position="after">
          <field name="x_studio_tax_id" string="Tax ID"/>
        </xpath>
      </data>
    </field>
    <field name="field_parent" eval="False"/>
    <field name="groups_id" eval="[(6, 0, [])]"/>
    <field name="inherit_id" ref="account.view_out_invoice_tree"/>
    <field name="key" eval="False"/>
    <field name="mode">extension</field>
    <field name="model">account.move</field>
    <field name="name">Odoo Studio: account.out.invoice.tree customization</field>
    <field name="priority">99</field>
    <field name="type">tree</field>
  </record>
  <record id="studio_customization.odoo_studio_res_comp_8a08e22a-6d09-40ea-bc2e-434b62708c07" model="ir.ui.view" context="{'studio': True}">
    <field name="active" eval="True"/>
    <field name="arch" type="xml">
      <data>
        <xpath expr="//field[@name='phone']" position="after">
          <field name="building_number"/>
          <field name="postal_code"/>
          <field name="additional_no"/>
          <field name="other_seller_id"/>
        </xpath>
      </data>
    </field>
    <field name="field_parent" eval="False"/>
    <field name="groups_id" eval="[(6, 0, [])]"/>
    <field name="inherit_id" ref="base.view_company_form"/>
    <field name="key" eval="False"/>
    <field name="mode">extension</field>
    <field name="model">res.company</field>
    <field name="name">Odoo Studio: res.company.form customization</field>
    <field name="priority">99</field>
    <field name="type">form</field>
  </record>
  <record id="studio_customization.odoo_studio_res_part_7cae4dc7-1915-4e1d-8f24-20a92f142b53" model="ir.ui.view" context="{'studio': True}">
    <field name="active" eval="True"/>
    <field name="arch" type="xml">
      <data>
        <xpath expr="//field[@name='vat']" position="after">
          <field name="building_number"/>
          <field name="additional_no"/>
          <field name="postal_code"/>
          <field name="other_seller_id"/>
        </xpath>
      </data>
    </field>
    <field name="field_parent" eval="False"/>
    <field name="groups_id" eval="[(6, 0, [])]"/>
    <field name="inherit_id" ref="base.view_partner_form"/>
    <field name="key" eval="False"/>
    <field name="mode">extension</field>
    <field name="model">res.partner</field>
    <field name="name">Odoo Studio: res.partner.form customization</field>
    <field name="priority">99</field>
    <field name="type">form</field>
  </record>
</odoo>
